,SPF,DKIM,DMARC,Vowel Ratio,Consonant Ratio
1,1.0,1.0,1.0,0.29683698296836986,0.7031630170316302
