,SPF,DKIM,DMARC,Vowel Ratio,Consonant Ratio
1,1.0,0.0,0.0,0.2727272727272727,0.7272727272727273
